CandidateId,RuleSource,SymbolFamilyKind,DoorKind,WidthMm,WidthSource,LeftEdgeMm,RightEdgeMm,OpeningWidthMm,ArcRadiusMm,ArcSweepDeg,DistToWallMm,MatchedWallId,CenterMm,HingeMm,ArcMidMm,WallDirHint,LeafHingeMm,LeafLatchMm,DoorLeafBaseStartMm,DoorLeafBaseEndMm,DoorLeafBaseCenterMm,OpeningCenterMm,VirtualOpeningBaseStartMm,VirtualOpeningBaseEndMm,VirtualOpeningBaseCenterMm,VirtualOpeningWidthMm,PreferVirtualOpeningHost,PlacementSource,FinalPlacementMm,FinalWidthMmApplied,FinalHeightMmApplied,DeltaAlongWallMm,LeafLineSegmentId,ProjectedMm,SegmentIds,UnmatchedReason
1,"R3D","DoubleArcDoorWithWallCrossing","Double",2060.603,"R3DCombinedOpening","(17649.9 24241.8 0.0)","(19710.4 24216.1 0.0)",2060.603,1030.380,89.412,103.950,1589153,"(18680.2 24228.9 0.0)",,"(18676.4 24962.8 0.0)","(0.9999 -0.0125 0.0000)",,,,,,"(18680.2 24228.9 0.0)","(17649.9 24241.8 0.0)","(19710.4 24216.1 0.0)","(18680.2 24228.9 0.0)",2060.603,true,,,0.000,0.000,1675.159,0,"(18680.2 24125.0 0.0)","1|2|4|5|6|7|3|8|18|17|9|10|16|11|12|15|13|14",
2,"R3D","DoubleArcDoorWithWallCrossing","Double",2060.603,"R3DCombinedOpening","(31622.3 24177.5 0.0)","(33682.7 24151.8 0.0)",2060.603,1030.380,89.412,104.664,1589152,"(32652.5 24164.7 0.0)",,"(32648.8 24898.5 0.0)","(0.9999 -0.0125 0.0000)",,,,,,"(32652.5 24164.7 0.0)","(31622.3 24177.5 0.0)","(33682.7 24151.8 0.0)","(32652.5 24164.7 0.0)",2060.603,true,,,0.000,0.000,1697.508,0,"(32652.5 24060.0 0.0)","19|20|22|23|24|25|21|26|36|35|27|28|34|29|30|33|31|32",
3,"R3D","DoubleArcDoorWithWallCrossing","Double",2060.603,"R3DCombinedOpening","(33314.4 30864.5 0.0)","(35374.9 30838.8 0.0)",2060.603,1030.380,89.412,81.691,1589204,"(34344.7 30851.7 0.0)",,"(34340.9 31585.5 0.0)","(0.9999 -0.0125 0.0000)",,,,,,"(34344.7 30851.7 0.0)","(33314.4 30864.5 0.0)","(35374.9 30838.8 0.0)","(34344.7 30851.7 0.0)",2060.603,true,,,0.000,0.000,1564.664,0,"(34344.7 30770.0 0.0)","37|38|40|41|42|43|39|44|54|53|45|46|52|47|48|51|49|50",
4,"R3D","DoubleArcDoorWithWallCrossing","Double",2064.867,"R3DCombinedOpening","(29225.1 42162.9 0.0)","(29225.1 44227.8 0.0)",2064.867,1030.380,89.412,105.081,1589185,"(29225.1 43195.4 0.0)",,"(29958.9 43199.1 0.0)","(0.0000 1.0000 0.0000)",,,,,,"(29225.1 43195.4 0.0)","(29225.1 42162.9 0.0)","(29225.1 44227.8 0.0)","(29225.1 43195.4 0.0)",2064.867,true,,,0.000,0.000,1760.365,0,"(29120.0 43195.4 0.0)","55|56|58|59|60|61|57|62|72|71|63|64|70|65|66|69|67|68",
5,"R3D","DoubleArcDoorWithWallCrossing","Double",2060.603,"R3DCombinedOpening","(15320.9 39506.3 0.0)","(17381.4 39480.6 0.0)",2060.603,1030.380,89.412,103.495,1589166,"(16351.2 39493.5 0.0)",,"(16347.4 40227.3 0.0)","(0.9999 -0.0125 0.0000)",,,,,,"(16351.2 39493.5 0.0)","(15320.9 39506.3 0.0)","(17381.4 39480.6 0.0)","(16351.2 39493.5 0.0)",2060.603,true,,,0.000,0.000,1671.171,0,"(16351.2 39390.0 0.0)","73|74|76|77|78|79|75|80|90|89|81|82|88|83|84|87|85|86",
6,"R3D","DoubleArcDoorWithWallCrossing","Double",2064.867,"R3DCombinedOpening","(49872.9 40516.6 0.0)","(49872.9 38451.7 0.0)",2064.867,1030.380,89.412,107.141,1589189,"(49872.9 39484.2 0.0)",,"(49139.0 39480.4 0.0)","(0.0000 -1.0000 0.0000)",,,,,,"(49872.9 39484.2 0.0)","(49872.9 40516.6 0.0)","(49872.9 38451.7 0.0)","(49872.9 39484.2 0.0)",2064.867,true,,,0.000,0.000,1589.164,0,"(49980.0 39484.2 0.0)","91|92|94|95|96|97|93|98|108|107|99|100|106|101|102|105|103|104",
7,"R3D","DoubleArcDoorWithWallCrossing","Double",2060.603,"R3DCombinedOpening","(37295.6 35361.7 0.0)","(39356.1 35336.0 0.0)",2060.603,1030.380,89.412,98.853,1589154,"(38325.8 35348.9 0.0)",,"(38322.1 36082.7 0.0)","(0.9999 -0.0125 0.0000)",,,,,,"(38325.8 35348.9 0.0)","(37295.6 35361.7 0.0)","(39356.1 35336.0 0.0)","(38325.8 35348.9 0.0)",2060.603,true,,,0.000,0.000,1995.843,0,"(38325.8 35250.0 0.0)","109|110|112|113|114|115|111|116|126|125|117|118|124|119|120|123|121|122",
8,"R3D","DoubleArcDoorWithWallCrossing","Double",1401.996,"R3DCombinedOpening","(56891.0 35337.8 0.0)","(58292.9 35320.4 0.0)",1401.996,701.051,89.412,49.094,1589176,"(57591.9 35329.1 0.0)",,"(57589.4 35828.4 0.0)","(0.9999 -0.0125 0.0000)",,,,,,"(57591.9 35329.1 0.0)","(56891.0 35337.8 0.0)","(58292.9 35320.4 0.0)","(57591.9 35329.1 0.0)",1401.996,true,,,0.000,0.000,2346.946,0,"(57591.9 35280.0 0.0)","707|708|710|711|712|713|709|714|724|723|715|716|722|717|718|721|719|720",
9,"R3D","DoubleArcDoorWithWallCrossing","Double",1401.996,"R3DCombinedOpening","(56891.0 37792.8 0.0)","(58292.9 37775.4 0.0)",1401.996,701.051,89.412,89.094,1589175,"(57591.9 37784.1 0.0)",,"(57589.4 38283.4 0.0)","(0.9999 -0.0125 0.0000)",,,,,,"(57591.9 37784.1 0.0)","(56891.0 37792.8 0.0)","(58292.9 37775.4 0.0)","(57591.9 37784.1 0.0)",1401.996,true,,,0.000,0.000,7551.946,0,"(57591.9 37695.0 0.0)","2178|2179|2181|2182|2183|2184|2180|2185|2221|2220|2186|2187|2193|2188|2189|2192|2190|2191",
10,"R3","StandardArcDoor","Single",765.000,"FreeEndOpening",,,0.000,810.000,90.000,89.949,1589231,"(61715.8 35384.9 0.0)","(61288.3 35384.9 0.0)","(61861.1 35957.7 0.0)",,"(61333.3 36194.9 0.0)","(61333.3 35384.9 0.0)",,,,"(61715.8 35384.9 0.0)",,,,0.000,false,,,0.000,0.000,470.811,648,"(61715.8 35295.0 0.0)","642|648",
11,"R3","StandardArcDoor","Single",765.000,"FreeEndOpening",,,0.000,810.000,90.000,32.682,1589171,"(55202.3 34649.9 0.0)","(55202.3 35077.4 0.0)","(54629.6 34504.7 0.0)",,"(54392.3 35032.4 0.0)","(55202.3 35032.4 0.0)",,,,"(55202.3 34649.9 0.0)",,,,0.000,false,,,0.000,0.000,5554.949,661,"(55235.0 34649.9 0.0)","655|661",
12,"R3","StandardArcDoor","Single",765.000,"FreeEndOpening",,,0.000,810.000,90.000,32.551,1589178,"(52289.8 31712.4 0.0)","(52717.3 31712.4 0.0)","(52144.6 31139.7 0.0)",,"(52672.3 30902.4 0.0)","(52672.3 31712.4 0.0)",,,,"(52289.8 31712.4 0.0)",,,,0.000,false,,,0.000,0.000,2249.818,674,"(52289.8 31745.0 0.0)","668|674",
13,"R3","StandardArcDoor","Single",765.000,"FreeEndOpening",,,0.000,810.000,90.000,32.449,1589179,"(52289.8 34127.4 0.0)","(52717.3 34127.4 0.0)","(52144.6 34700.2 0.0)",,"(52672.3 34937.4 0.0)","(52672.3 34127.4 0.0)",,,,"(52289.8 34127.4 0.0)",,,,0.000,false,,,0.000,0.000,2249.818,687,"(52289.8 34095.0 0.0)","681|687",
14,"R3","StandardArcDoor","Single",765.000,"FreeEndOpening",,,0.000,810.000,90.000,32.449,1589184,"(53549.8 35312.4 0.0)","(53122.3 35312.4 0.0)","(53695.1 35885.2 0.0)",,"(53167.3 36122.4 0.0)","(53167.3 35312.4 0.0)",,,,"(53549.8 35312.4 0.0)",,,,0.000,false,,,0.000,0.000,474.818,700,"(53549.8 35280.0 0.0)","694|700",
15,"R3","StandardArcDoor","Single",765.000,"FreeEndOpening",,,0.000,810.000,90.000,33.311,1589168,"(58603.3 32222.4 0.0)","(58603.3 32649.9 0.0)","(59176.1 32077.2 0.0)",,"(59413.3 32604.9 0.0)","(58603.3 32604.9 0.0)",,,,"(58603.3 32222.4 0.0)",,,,0.000,false,,,0.000,0.000,12642.449,731,"(58570.0 32222.4 0.0)","725|731",
16,"R3","StandardArcDoor","Single",765.000,"FreeEndOpening",,,0.000,810.000,90.000,32.682,1589169,"(55202.3 28622.4 0.0)","(55202.3 29049.9 0.0)","(54629.6 28477.2 0.0)",,"(54392.3 29004.9 0.0)","(55202.3 29004.9 0.0)",,,,"(55202.3 28622.4 0.0)",,,,0.000,false,,,0.000,0.000,12527.449,744,"(55235.0 28622.4 0.0)","738|744",
17,"R3","StandardArcDoor","Single",765.000,"FreeEndOpening",,,0.000,810.000,90.000,33.311,1589182,"(58603.3 33467.4 0.0)","(58603.3 33039.9 0.0)","(59176.1 33612.7 0.0)",,"(59413.3 33084.9 0.0)","(58603.3 33084.9 0.0)",,,,"(58603.3 33467.4 0.0)",,,,0.000,false,,,0.000,0.000,472.449,757,"(58570.0 33467.4 0.0)","751|757",
18,"R3","StandardArcDoor","Single",595.000,"FreeEndOpening",,,0.000,630.000,90.000,30.051,1589149,"(52724.8 46474.9 0.0)","(53057.3 46474.9 0.0)","(52611.8 46029.5 0.0)",,"(53022.3 45844.9 0.0)","(53022.3 46474.9 0.0)",,,,"(52724.8 46474.9 0.0)",,,,0.000,false,,,0.000,0.000,659.818,812,"(52724.8 46505.0 0.0)","806|812",
19,"R3","StandardArcDoor","Single",807.500,"FreeEndOpening",,,0.000,855.000,90.000,45.051,1589151,"(58032.1 19514.9 0.0)","(57580.8 19514.9 0.0)","(58185.4 18910.4 0.0)",,"(57628.3 18659.9 0.0)","(57628.3 19514.9 0.0)",,,,"(58032.1 19514.9 0.0)",,,,0.000,false,,,0.000,0.000,507.061,825,"(58032.1 19560.0 0.0)","819|825",
20,"R3","StandardArcDoor","Single",850.000,"FreeEndOpening",,,0.000,900.000,90.000,24.949,1589212,"(50567.3 44794.9 0.0)","(50092.3 44794.9 0.0)","(50728.7 45431.3 0.0)",,"(50142.3 45694.9 0.0)","(50142.3 44794.9 0.0)",,,,"(50567.3 44794.9 0.0)",,,,0.000,false,,,0.000,0.000,527.318,838,"(50567.3 44770.0 0.0)","832|838",
21,"R3","StandardArcDoor","Single",765.000,"FreeEndOpening",,,0.000,810.000,90.000,33.311,1589172,"(58603.3 39582.4 0.0)","(58603.3 39154.9 0.0)","(59176.1 39727.7 0.0)",,"(59413.3 39199.9 0.0)","(58603.3 39199.9 0.0)",,,,"(58603.3 39582.4 0.0)",,,,0.000,false,,,0.000,0.000,472.449,2199,"(58570.0 39582.4 0.0)","2222|2199",
22,"R3","StandardArcDoor","Single",595.000,"FreeEndOpening",,,0.000,630.000,90.000,30.051,1589150,"(51699.8 46474.9 0.0)","(52032.3 46474.9 0.0)","(51586.8 46029.5 0.0)",,"(51997.3 45844.9 0.0)","(51997.3 46474.9 0.0)",,,,"(51699.8 46474.9 0.0)",,,,0.000,false,,,0.000,0.000,659.818,2211,"(51699.8 46505.0 0.0)","2223|2211",
23,"R3BD","MinimalDoubleArcDoorNoWallCrossing","Double",1387.500,"R3BDIndependentOpening","(57565.0 18552.3 0.0)","(57565.0 17164.8 0.0)",1387.500,701.051,89.412,0.000,,"(57565.0 17858.6 0.0)",,"(58064.3 17856.0 0.0)","(0.0000 -1.0000 0.0000)",,,,,,"(57565.0 17858.6 0.0)","(57565.0 18552.3 0.0)","(57565.0 17164.8 0.0)","(57565.0 17858.6 0.0)",1387.500,true,,,0.000,0.000,0.000,0,,"2162|2163|2165|2166|2167|2168|2164|2169|2219|2218|2170|2171|2177|2172|2173|2176|2174|2175","Distance or projection out of tolerance."
